{"cameraMode":{"drawMode":0,"name":"Shaded","section":"Shading Mode"},"sceneLighting":true,"audioPlay":false,"sceneViewState":{"m_AlwaysRefresh":false,"showFog":true,"showSkybox":true,"showFlares":true,"showImageEffects":true,"showParticleSystems":true,"showVisualEffectGraphs":true,"m_FxEnabled":true},"in2DMode":false,"pivot":{"x":-2.4262776374816896,"y":0.17588269710540772,"z":-1.9253017902374268},"rotation":{"x":-0.1146760806441307,"y":-0.5219054222106934,"z":0.07104682922363281,"w":-0.8423040509223938},"size":3.5660250186920168,"orthographic":false}